HITId;HITTypeId;Title;Description;Keywords;Reward;CreationTime;MaxAssignments;RequesterAnnotation;AssignmentDurationInSeconds;AutoApprovalDelayInSeconds;Expiration;NumberOfSimilarHITs;LifetimeInSeconds;AssignmentId;WorkerId;AssignmentStatus;AcceptTime;SubmitTime;AutoApprovalTime;ApprovalTime;RejectionTime;RequesterFeedback;WorkTimeInSeconds;LifetimeApprovalRate;Last30DaysApprovalRate;Last7DaysApprovalRate;Input.image_url;Answer.category.label;Approve;Reject
3D3B8GE893FV58EI29QKP702KGP9PT;3RY3YOAA7PRFP9Y2F6M5ZETQ95V27H;Pick one out of three categories;Categorize the given image based on the provided examples.;categorize, image, classification, classify;$0.01;Wed Jul 10 18:50:07 PDT 2019;5;"BatchId:3701708;OriginalHitTemplateId:928390873;";300;172800;Sun Jul 14 18:50:07 PDT 2019;;;369J354OFFY5XWHFRL2NZ8QYZE46GU;AKLKDS34ZAGML;Submitted;Wed Jul 10 18:53:50 PDT 2019;Wed Jul 10 18:53:58 PDT 2019;Fri Jul 12 18:53:58 PDT 2019;;;;8;0% (0/0);0% (0/0);0% (0/0);https://i.imgur.com/N0pf70Y.jpg;2x2 Matrix;1;
3D3B8GE893FV58EI29QKP702KGP9PT;3RY3YOAA7PRFP9Y2F6M5ZETQ95V27H;Pick one out of three categories;Categorize the given image based on the provided examples.;categorize, image, classification, classify;$0.01;Wed Jul 10 18:50:07 PDT 2019;5;"BatchId:3701708;OriginalHitTemplateId:928390873;";300;172800;Sun Jul 14 18:50:07 PDT 2019;;;38F71OA9GVK18Z6C3H3M6JN8OZJMFL;A1QXU4Q3CK75FK;Submitted;Wed Jul 10 18:54:20 PDT 2019;Wed Jul 10 18:54:48 PDT 2019;Fri Jul 12 18:54:48 PDT 2019;;;;28;0% (0/0);0% (0/0);0% (0/0);https://i.imgur.com/N0pf70Y.jpg;2x2 Matrix;1;
3D3B8GE893FV58EI29QKP702KGP9PT;3RY3YOAA7PRFP9Y2F6M5ZETQ95V27H;Pick one out of three categories;Categorize the given image based on the provided examples.;categorize, image, classification, classify;$0.01;Wed Jul 10 18:50:07 PDT 2019;5;"BatchId:3701708;OriginalHitTemplateId:928390873;";300;172800;Sun Jul 14 18:50:07 PDT 2019;;;3DEL4X4EL89I22MBMEXJ6LAM1ESXYC;A3NBD6P0INJB4G;Submitted;Wed Jul 10 18:52:59 PDT 2019;Wed Jul 10 18:53:06 PDT 2019;Fri Jul 12 18:53:06 PDT 2019;;;;7;0% (0/0);0% (0/0);0% (0/0);https://i.imgur.com/N0pf70Y.jpg;2x2 Matrix;1;
3D3B8GE893FV58EI29QKP702KGP9PT;3RY3YOAA7PRFP9Y2F6M5ZETQ95V27H;Pick one out of three categories;Categorize the given image based on the provided examples.;categorize, image, classification, classify;$0.01;Wed Jul 10 18:50:07 PDT 2019;5;"BatchId:3701708;OriginalHitTemplateId:928390873;";300;172800;Sun Jul 14 18:50:07 PDT 2019;;;3L4D84MIL1GVLNRXVAEUTC740K1JHC;A2MV1325939NBM;Submitted;Wed Jul 10 18:54:02 PDT 2019;Wed Jul 10 18:54:43 PDT 2019;Fri Jul 12 18:54:43 PDT 2019;;;;41;0% (0/0);0% (0/0);0% (0/0);https://i.imgur.com/N0pf70Y.jpg;2x2 Matrix;1;
3D3B8GE893FV58EI29QKP702KGP9PT;3RY3YOAA7PRFP9Y2F6M5ZETQ95V27H;Pick one out of three categories;Categorize the given image based on the provided examples.;categorize, image, classification, classify;$0.01;Wed Jul 10 18:50:07 PDT 2019;5;"BatchId:3701708;OriginalHitTemplateId:928390873;";300;172800;Sun Jul 14 18:50:07 PDT 2019;;;3OS4RQUCRB35P82FCSDDS3CEC0FBFL;A1OX5KXDZAVQPJ;Submitted;Wed Jul 10 18:53:42 PDT 2019;Wed Jul 10 18:54:01 PDT 2019;Fri Jul 12 18:54:01 PDT 2019;;;;19;0% (0/0);0% (0/0);0% (0/0);https://i.imgur.com/N0pf70Y.jpg;2x2 Matrix;1;
3XD2A6FGFOISI0UAUQUEKC5D70VS9R;3RY3YOAA7PRFP9Y2F6M5ZETQ95V27H;Pick one out of three categories;Categorize the given image based on the provided examples.;categorize, image, classification, classify;$0.01;Wed Jul 10 18:50:07 PDT 2019;5;"BatchId:3701708;OriginalHitTemplateId:928390873;";300;172800;Sun Jul 14 18:50:07 PDT 2019;;;31HQ4X3T3UYQ6MTD9P26D5RYDKMSL7;A3LWAR1QNK5ECW;Submitted;Wed Jul 10 18:52:45 PDT 2019;Wed Jul 10 18:52:48 PDT 2019;Fri Jul 12 18:52:48 PDT 2019;;;;3;0% (0/0);0% (0/0);0% (0/0);https://i.imgur.com/kFXZnQg.jpg;None of the Above;1;
3XD2A6FGFOISI0UAUQUEKC5D70VS9R;3RY3YOAA7PRFP9Y2F6M5ZETQ95V27H;Pick one out of three categories;Categorize the given image based on the provided examples.;categorize, image, classification, classify;$0.01;Wed Jul 10 18:50:07 PDT 2019;5;"BatchId:3701708;OriginalHitTemplateId:928390873;";300;172800;Sun Jul 14 18:50:07 PDT 2019;;;337RC3OW07Q6YEAH3K7BOSB5COHLV6;AKLKDS34ZAGML;Submitted;Wed Jul 10 18:53:54 PDT 2019;Wed Jul 10 18:54:00 PDT 2019;Fri Jul 12 18:54:00 PDT 2019;;;;6;0% (0/0);0% (0/0);0% (0/0);https://i.imgur.com/kFXZnQg.jpg;None of the Above;1;
3XD2A6FGFOISI0UAUQUEKC5D70VS9R;3RY3YOAA7PRFP9Y2F6M5ZETQ95V27H;Pick one out of three categories;Categorize the given image based on the provided examples.;categorize, image, classification, classify;$0.01;Wed Jul 10 18:50:07 PDT 2019;5;"BatchId:3701708;OriginalHitTemplateId:928390873;";300;172800;Sun Jul 14 18:50:07 PDT 2019;;;3M0NZ3JDP3M959C6CUG7S9S4E9M5Z1;A3NBD6P0INJB4G;Submitted;Wed Jul 10 18:51:08 PDT 2019;Wed Jul 10 18:51:19 PDT 2019;Fri Jul 12 18:51:19 PDT 2019;;;;11;0% (0/0);0% (0/0);0% (0/0);https://i.imgur.com/kFXZnQg.jpg;None of the Above;1;
3XD2A6FGFOISI0UAUQUEKC5D70VS9R;3RY3YOAA7PRFP9Y2F6M5ZETQ95V27H;Pick one out of three categories;Categorize the given image based on the provided examples.;categorize, image, classification, classify;$0.01;Wed Jul 10 18:50:07 PDT 2019;5;"BatchId:3701708;OriginalHitTemplateId:928390873;";300;172800;Sun Jul 14 18:50:07 PDT 2019;;;3P4RDNWND7UVHI2H1SWFTO8J0XJIJ7;A1RSAU5I9NZTOP;Submitted;Wed Jul 10 19:06:56 PDT 2019;Wed Jul 10 19:08:03 PDT 2019;Fri Jul 12 19:08:03 PDT 2019;;;;67;0% (0/0);0% (0/0);0% (0/0);https://i.imgur.com/kFXZnQg.jpg;Unpacking Table;;1
3XD2A6FGFOISI0UAUQUEKC5D70VS9R;3RY3YOAA7PRFP9Y2F6M5ZETQ95V27H;Pick one out of three categories;Categorize the given image based on the provided examples.;categorize, image, classification, classify;$0.01;Wed Jul 10 18:50:07 PDT 2019;5;"BatchId:3701708;OriginalHitTemplateId:928390873;";300;172800;Sun Jul 14 18:50:07 PDT 2019;;;3PWWM24LHUM2MGSWLLEWHISOVQQ28U;A2MV1325939NBM;Submitted;Wed Jul 10 18:54:51 PDT 2019;Wed Jul 10 18:55:19 PDT 2019;Fri Jul 12 18:55:19 PDT 2019;;;;28;0% (0/0);0% (0/0);0% (0/0);https://i.imgur.com/kFXZnQg.jpg;None of the Above;1;
3GMLHYZ0LFLNYEUMR7HUYUGS161UYY;3RY3YOAA7PRFP9Y2F6M5ZETQ95V27H;Pick one out of three categories;Categorize the given image based on the provided examples.;categorize, image, classification, classify;$0.01;Wed Jul 10 18:50:07 PDT 2019;5;"BatchId:3701708;OriginalHitTemplateId:928390873;";300;172800;Sun Jul 14 18:50:07 PDT 2019;;;3E13VNJ1NPJOM1MDB3Q9POCX6GH1IK;A12HIW79ZJ7B50;Submitted;Wed Jul 10 18:56:26 PDT 2019;Wed Jul 10 18:56:33 PDT 2019;Fri Jul 12 18:56:33 PDT 2019;;;;7;0% (0/0);0% (0/0);0% (0/0);https://i.imgur.com/PMb3b8T.jpg;2x2 Matrix;1;
3GMLHYZ0LFLNYEUMR7HUYUGS161UYY;3RY3YOAA7PRFP9Y2F6M5ZETQ95V27H;Pick one out of three categories;Categorize the given image based on the provided examples.;categorize, image, classification, classify;$0.01;Wed Jul 10 18:50:07 PDT 2019;5;"BatchId:3701708;OriginalHitTemplateId:928390873;";300;172800;Sun Jul 14 18:50:07 PDT 2019;;;3OSWBBLG1GLF4RRKQIA5T00LJQNDXL;A3NBD6P0INJB4G;Submitted;Wed Jul 10 18:53:31 PDT 2019;Wed Jul 10 18:53:38 PDT 2019;Fri Jul 12 18:53:38 PDT 2019;;;;7;0% (0/0);0% (0/0);0% (0/0);https://i.imgur.com/PMb3b8T.jpg;2x2 Matrix;1;
3GMLHYZ0LFLNYEUMR7HUYUGS161UYY;3RY3YOAA7PRFP9Y2F6M5ZETQ95V27H;Pick one out of three categories;Categorize the given image based on the provided examples.;categorize, image, classification, classify;$0.01;Wed Jul 10 18:50:07 PDT 2019;5;"BatchId:3701708;OriginalHitTemplateId:928390873;";300;172800;Sun Jul 14 18:50:07 PDT 2019;;;3OVHNO1VE8P49MRZR0YQQLGWRQMDZJ;A1QXU4Q3CK75FK;Submitted;Wed Jul 10 18:56:52 PDT 2019;Wed Jul 10 18:57:03 PDT 2019;Fri Jul 12 18:57:03 PDT 2019;;;;11;0% (0/0);0% (0/0);0% (0/0);https://i.imgur.com/PMb3b8T.jpg;2x2 Matrix;1;
3GMLHYZ0LFLNYEUMR7HUYUGS161UYY;3RY3YOAA7PRFP9Y2F6M5ZETQ95V27H;Pick one out of three categories;Categorize the given image based on the provided examples.;categorize, image, classification, classify;$0.01;Wed Jul 10 18:50:07 PDT 2019;5;"BatchId:3701708;OriginalHitTemplateId:928390873;";300;172800;Sun Jul 14 18:50:07 PDT 2019;;;3VELCLL3GM74CAKNAVKOMRZ5QOOF16;AKLKDS34ZAGML;Submitted;Wed Jul 10 18:54:20 PDT 2019;Wed Jul 10 18:54:26 PDT 2019;Fri Jul 12 18:54:26 PDT 2019;;;;6;0% (0/0);0% (0/0);0% (0/0);https://i.imgur.com/PMb3b8T.jpg;2x2 Matrix;1;
3GMLHYZ0LFLNYEUMR7HUYUGS161UYY;3RY3YOAA7PRFP9Y2F6M5ZETQ95V27H;Pick one out of three categories;Categorize the given image based on the provided examples.;categorize, image, classification, classify;$0.01;Wed Jul 10 18:50:07 PDT 2019;5;"BatchId:3701708;OriginalHitTemplateId:928390873;";300;172800;Sun Jul 14 18:50:07 PDT 2019;;;3WRFBPLXRCCCA5BJVNHKIPNBQZP3NU;A2MV1325939NBM;Submitted;Wed Jul 10 18:55:47 PDT 2019;Wed Jul 10 18:55:59 PDT 2019;Fri Jul 12 18:55:59 PDT 2019;;;;12;0% (0/0);0% (0/0);0% (0/0);https://i.imgur.com/PMb3b8T.jpg;2x2 Matrix;1;
3Y7LTZE0YUAN344RNTJDC1PU705UZP;3RY3YOAA7PRFP9Y2F6M5ZETQ95V27H;Pick one out of three categories;Categorize the given image based on the provided examples.;categorize, image, classification, classify;$0.01;Wed Jul 10 18:50:07 PDT 2019;5;"BatchId:3701708;OriginalHitTemplateId:928390873;";300;172800;Sun Jul 14 18:50:07 PDT 2019;;;30X31N5D65E9A329CYDG4RBNJ8OSAQ;A1QXU4Q3CK75FK;Submitted;Wed Jul 10 18:55:14 PDT 2019;Wed Jul 10 18:55:30 PDT 2019;Fri Jul 12 18:55:30 PDT 2019;;;;16;0% (0/0);0% (0/0);0% (0/0);https://i.imgur.com/LNvlo1P.jpg;Unpacking Table;1;
3Y7LTZE0YUAN344RNTJDC1PU705UZP;3RY3YOAA7PRFP9Y2F6M5ZETQ95V27H;Pick one out of three categories;Categorize the given image based on the provided examples.;categorize, image, classification, classify;$0.01;Wed Jul 10 18:50:07 PDT 2019;5;"BatchId:3701708;OriginalHitTemplateId:928390873;";300;172800;Sun Jul 14 18:50:07 PDT 2019;;;33LKR6A5KG8EVF2O5FPD3VE6HXW1T0;A3LWAR1QNK5ECW;Submitted;Wed Jul 10 18:52:35 PDT 2019;Wed Jul 10 18:52:40 PDT 2019;Fri Jul 12 18:52:40 PDT 2019;;;;5;0% (0/0);0% (0/0);0% (0/0);https://i.imgur.com/LNvlo1P.jpg;Unpacking Table;1;
3Y7LTZE0YUAN344RNTJDC1PU705UZP;3RY3YOAA7PRFP9Y2F6M5ZETQ95V27H;Pick one out of three categories;Categorize the given image based on the provided examples.;categorize, image, classification, classify;$0.01;Wed Jul 10 18:50:07 PDT 2019;5;"BatchId:3701708;OriginalHitTemplateId:928390873;";300;172800;Sun Jul 14 18:50:07 PDT 2019;;;34T446B1C22X29FVNAQN0GVSOJQ0CD;A3NBD6P0INJB4G;Submitted;Wed Jul 10 18:53:06 PDT 2019;Wed Jul 10 18:53:15 PDT 2019;Fri Jul 12 18:53:15 PDT 2019;;;;9;0% (0/0);0% (0/0);0% (0/0);https://i.imgur.com/LNvlo1P.jpg;Unpacking Table;1;
3Y7LTZE0YUAN344RNTJDC1PU705UZP;3RY3YOAA7PRFP9Y2F6M5ZETQ95V27H;Pick one out of three categories;Categorize the given image based on the provided examples.;categorize, image, classification, classify;$0.01;Wed Jul 10 18:50:07 PDT 2019;5;"BatchId:3701708;OriginalHitTemplateId:928390873;";300;172800;Sun Jul 14 18:50:07 PDT 2019;;;3TESA3PJ33Y7E9YTP47Z197HL0VMMS;AKLKDS34ZAGML;Submitted;Wed Jul 10 18:54:26 PDT 2019;Wed Jul 10 18:54:35 PDT 2019;Fri Jul 12 18:54:35 PDT 2019;;;;9;0% (0/0);0% (0/0);0% (0/0);https://i.imgur.com/LNvlo1P.jpg;Unpacking Table;1;
3Y7LTZE0YUAN344RNTJDC1PU705UZP;3RY3YOAA7PRFP9Y2F6M5ZETQ95V27H;Pick one out of three categories;Categorize the given image based on the provided examples.;categorize, image, classification, classify;$0.01;Wed Jul 10 18:50:07 PDT 2019;5;"BatchId:3701708;OriginalHitTemplateId:928390873;";300;172800;Sun Jul 14 18:50:07 PDT 2019;;;3ZGVPD4G6V5BQBNWDQY5VPYIUC9ZTN;A12HIW79ZJ7B50;Submitted;Wed Jul 10 18:55:25 PDT 2019;Wed Jul 10 18:55:56 PDT 2019;Fri Jul 12 18:55:56 PDT 2019;;;;31;0% (0/0);0% (0/0);0% (0/0);https://i.imgur.com/LNvlo1P.jpg;Unpacking Table;1;
37G6BXQPLR9X0G6EAXLVHQRNG9REQZ;3RY3YOAA7PRFP9Y2F6M5ZETQ95V27H;Pick one out of three categories;Categorize the given image based on the provided examples.;categorize, image, classification, classify;$0.01;Wed Jul 10 18:50:07 PDT 2019;5;"BatchId:3701708;OriginalHitTemplateId:928390873;";300;172800;Sun Jul 14 18:50:07 PDT 2019;;;33PPUNGG3ATYAWA491TAVAX06RBZR9;A3NBD6P0INJB4G;Submitted;Wed Jul 10 18:52:51 PDT 2019;Wed Jul 10 18:52:59 PDT 2019;Fri Jul 12 18:52:59 PDT 2019;;;;8;0% (0/0);0% (0/0);0% (0/0);https://i.imgur.com/4UuC547.jpg;2x2 Matrix;1;
37G6BXQPLR9X0G6EAXLVHQRNG9REQZ;3RY3YOAA7PRFP9Y2F6M5ZETQ95V27H;Pick one out of three categories;Categorize the given image based on the provided examples.;categorize, image, classification, classify;$0.01;Wed Jul 10 18:50:07 PDT 2019;5;"BatchId:3701708;OriginalHitTemplateId:928390873;";300;172800;Sun Jul 14 18:50:07 PDT 2019;;;3A1COHJ8NLJ616VE46H34MYQK9AH8T;A3K758SI907CG9;Submitted;Wed Jul 10 19:07:34 PDT 2019;Wed Jul 10 19:12:01 PDT 2019;Fri Jul 12 19:12:01 PDT 2019;;;;267;0% (0/0);0% (0/0);0% (0/0);https://i.imgur.com/4UuC547.jpg;Unpacking Table;;1
37G6BXQPLR9X0G6EAXLVHQRNG9REQZ;3RY3YOAA7PRFP9Y2F6M5ZETQ95V27H;Pick one out of three categories;Categorize the given image based on the provided examples.;categorize, image, classification, classify;$0.01;Wed Jul 10 18:50:07 PDT 2019;5;"BatchId:3701708;OriginalHitTemplateId:928390873;";300;172800;Sun Jul 14 18:50:07 PDT 2019;;;3TXD01ZLD65ANREWS2YP6P7BCVE4U8;AKLKDS34ZAGML;Submitted;Wed Jul 10 18:55:06 PDT 2019;Wed Jul 10 18:55:15 PDT 2019;Fri Jul 12 18:55:15 PDT 2019;;;;9;0% (0/0);0% (0/0);0% (0/0);https://i.imgur.com/4UuC547.jpg;Unpacking Table;;1
37G6BXQPLR9X0G6EAXLVHQRNG9REQZ;3RY3YOAA7PRFP9Y2F6M5ZETQ95V27H;Pick one out of three categories;Categorize the given image based on the provided examples.;categorize, image, classification, classify;$0.01;Wed Jul 10 18:50:07 PDT 2019;5;"BatchId:3701708;OriginalHitTemplateId:928390873;";300;172800;Sun Jul 14 18:50:07 PDT 2019;;;3YDGXNSEO1ICPU7JPZXKAXPMF4M48S;A1QXU4Q3CK75FK;Submitted;Wed Jul 10 18:56:19 PDT 2019;Wed Jul 10 18:56:39 PDT 2019;Fri Jul 12 18:56:39 PDT 2019;;;;20;0% (0/0);0% (0/0);0% (0/0);https://i.imgur.com/4UuC547.jpg;2x2 Matrix;1;
37G6BXQPLR9X0G6EAXLVHQRNG9REQZ;3RY3YOAA7PRFP9Y2F6M5ZETQ95V27H;Pick one out of three categories;Categorize the given image based on the provided examples.;categorize, image, classification, classify;$0.01;Wed Jul 10 18:50:07 PDT 2019;5;"BatchId:3701708;OriginalHitTemplateId:928390873;";300;172800;Sun Jul 14 18:50:07 PDT 2019;;;3YMTUJH0DU4VNEZ7SX8F1TL9TH6T45;A2MV1325939NBM;Submitted;Wed Jul 10 18:55:57 PDT 2019;Wed Jul 10 18:56:11 PDT 2019;Fri Jul 12 18:56:11 PDT 2019;;;;14;0% (0/0);0% (0/0);0% (0/0);https://i.imgur.com/4UuC547.jpg;2x2 Matrix;1;
3EAWOID6MULQEYN1OPGQ2OOR30VV0N;3RY3YOAA7PRFP9Y2F6M5ZETQ95V27H;Pick one out of three categories;Categorize the given image based on the provided examples.;categorize, image, classification, classify;$0.01;Wed Jul 10 18:50:07 PDT 2019;5;"BatchId:3701708;OriginalHitTemplateId:928390873;";300;172800;Sun Jul 14 18:50:07 PDT 2019;;;351SEKWQS254AFSGCB8WIJKNCM3DM1;A3NBD6P0INJB4G;Submitted;Wed Jul 10 18:53:23 PDT 2019;Wed Jul 10 18:53:30 PDT 2019;Fri Jul 12 18:53:30 PDT 2019;;;;7;0% (0/0);0% (0/0);0% (0/0);https://i.imgur.com/OVUR3PH.jpg;Unpacking Table;1;
3EAWOID6MULQEYN1OPGQ2OOR30VV0N;3RY3YOAA7PRFP9Y2F6M5ZETQ95V27H;Pick one out of three categories;Categorize the given image based on the provided examples.;categorize, image, classification, classify;$0.01;Wed Jul 10 18:50:07 PDT 2019;5;"BatchId:3701708;OriginalHitTemplateId:928390873;";300;172800;Sun Jul 14 18:50:07 PDT 2019;;;3BQU611VFR8D05W5BMZPR1VDL2I99I;A1QXU4Q3CK75FK;Submitted;Wed Jul 10 18:56:40 PDT 2019;Wed Jul 10 18:56:52 PDT 2019;Fri Jul 12 18:56:52 PDT 2019;;;;12;0% (0/0);0% (0/0);0% (0/0);https://i.imgur.com/OVUR3PH.jpg;Unpacking Table;1;
3EAWOID6MULQEYN1OPGQ2OOR30VV0N;3RY3YOAA7PRFP9Y2F6M5ZETQ95V27H;Pick one out of three categories;Categorize the given image based on the provided examples.;categorize, image, classification, classify;$0.01;Wed Jul 10 18:50:07 PDT 2019;5;"BatchId:3701708;OriginalHitTemplateId:928390873;";300;172800;Sun Jul 14 18:50:07 PDT 2019;;;3I0BTBYZAZ9A5CG0J28CX7NBR78Y0J;A2MV1325939NBM;Submitted;Wed Jul 10 18:55:42 PDT 2019;Wed Jul 10 18:55:56 PDT 2019;Fri Jul 12 18:55:56 PDT 2019;;;;14;0% (0/0);0% (0/0);0% (0/0);https://i.imgur.com/OVUR3PH.jpg;Unpacking Table;1;
3EAWOID6MULQEYN1OPGQ2OOR30VV0N;3RY3YOAA7PRFP9Y2F6M5ZETQ95V27H;Pick one out of three categories;Categorize the given image based on the provided examples.;categorize, image, classification, classify;$0.01;Wed Jul 10 18:50:07 PDT 2019;5;"BatchId:3701708;OriginalHitTemplateId:928390873;";300;172800;Sun Jul 14 18:50:07 PDT 2019;;;3K3R2QNK8DRBKXK89XUGNXIRYNRU9T;AKLKDS34ZAGML;Submitted;Wed Jul 10 18:54:39 PDT 2019;Wed Jul 10 18:54:45 PDT 2019;Fri Jul 12 18:54:45 PDT 2019;;;;6;0% (0/0);0% (0/0);0% (0/0);https://i.imgur.com/OVUR3PH.jpg;Unpacking Table;1;
3EAWOID6MULQEYN1OPGQ2OOR30VV0N;3RY3YOAA7PRFP9Y2F6M5ZETQ95V27H;Pick one out of three categories;Categorize the given image based on the provided examples.;categorize, image, classification, classify;$0.01;Wed Jul 10 18:50:07 PDT 2019;5;"BatchId:3701708;OriginalHitTemplateId:928390873;";300;172800;Sun Jul 14 18:50:07 PDT 2019;;;3LYA37P8ISBG5UUTD34A8G4JKWXBKO;A12HIW79ZJ7B50;Submitted;Wed Jul 10 18:56:44 PDT 2019;Wed Jul 10 18:56:53 PDT 2019;Fri Jul 12 18:56:53 PDT 2019;;;;9;0% (0/0);0% (0/0);0% (0/0);https://i.imgur.com/OVUR3PH.jpg;Unpacking Table;1;
3TZ0XG8CBV8AZGF1GSO93L5CV6P898;3RY3YOAA7PRFP9Y2F6M5ZETQ95V27H;Pick one out of three categories;Categorize the given image based on the provided examples.;categorize, image, classification, classify;$0.01;Wed Jul 10 18:50:08 PDT 2019;5;"BatchId:3701708;OriginalHitTemplateId:928390873;";300;172800;Sun Jul 14 18:50:08 PDT 2019;;;37QW5D2ZRIAVRF9UF0T2805STKOS8M;A2MV1325939NBM;Submitted;Wed Jul 10 18:55:12 PDT 2019;Wed Jul 10 18:55:33 PDT 2019;Fri Jul 12 18:55:33 PDT 2019;;;;21;0% (0/0);0% (0/0);0% (0/0);https://i.imgur.com/YDIyw2f.jpg;Unpacking Table;;1
3TZ0XG8CBV8AZGF1GSO93L5CV6P898;3RY3YOAA7PRFP9Y2F6M5ZETQ95V27H;Pick one out of three categories;Categorize the given image based on the provided examples.;categorize, image, classification, classify;$0.01;Wed Jul 10 18:50:08 PDT 2019;5;"BatchId:3701708;OriginalHitTemplateId:928390873;";300;172800;Sun Jul 14 18:50:08 PDT 2019;;;386CSBG1O1AWALBTUH7ZTMU051D6QP;AKLKDS34ZAGML;Submitted;Wed Jul 10 18:53:58 PDT 2019;Wed Jul 10 18:54:05 PDT 2019;Fri Jul 12 18:54:05 PDT 2019;;;;7;0% (0/0);0% (0/0);0% (0/0);https://i.imgur.com/YDIyw2f.jpg;None of the Above;1;
3TZ0XG8CBV8AZGF1GSO93L5CV6P898;3RY3YOAA7PRFP9Y2F6M5ZETQ95V27H;Pick one out of three categories;Categorize the given image based on the provided examples.;categorize, image, classification, classify;$0.01;Wed Jul 10 18:50:08 PDT 2019;5;"BatchId:3701708;OriginalHitTemplateId:928390873;";300;172800;Sun Jul 14 18:50:08 PDT 2019;;;3E13VNJ1NPJOM1MDB3Q9POCX6GGI10;A1HNR6OIRFCEHS;Submitted;Wed Jul 10 18:54:20 PDT 2019;Wed Jul 10 18:54:26 PDT 2019;Fri Jul 12 18:54:26 PDT 2019;;;;6;0% (0/0);0% (0/0);0% (0/0);https://i.imgur.com/YDIyw2f.jpg;None of the Above;1;
3TZ0XG8CBV8AZGF1GSO93L5CV6P898;3RY3YOAA7PRFP9Y2F6M5ZETQ95V27H;Pick one out of three categories;Categorize the given image based on the provided examples.;categorize, image, classification, classify;$0.01;Wed Jul 10 18:50:08 PDT 2019;5;"BatchId:3701708;OriginalHitTemplateId:928390873;";300;172800;Sun Jul 14 18:50:08 PDT 2019;;;3HFNH7HEMJ2Y7E0Z6UGL5D7PZFGGQ1;A3NBD6P0INJB4G;Submitted;Wed Jul 10 18:53:38 PDT 2019;Wed Jul 10 18:53:47 PDT 2019;Fri Jul 12 18:53:47 PDT 2019;;;;9;0% (0/0);0% (0/0);0% (0/0);https://i.imgur.com/YDIyw2f.jpg;None of the Above;1;
3TZ0XG8CBV8AZGF1GSO93L5CV6P898;3RY3YOAA7PRFP9Y2F6M5ZETQ95V27H;Pick one out of three categories;Categorize the given image based on the provided examples.;categorize, image, classification, classify;$0.01;Wed Jul 10 18:50:08 PDT 2019;5;"BatchId:3701708;OriginalHitTemplateId:928390873;";300;172800;Sun Jul 14 18:50:08 PDT 2019;;;3PJUZCGDJ84DM0DV6UTBR5021WZ89R;A1OX5KXDZAVQPJ;Submitted;Wed Jul 10 18:53:17 PDT 2019;Wed Jul 10 18:53:41 PDT 2019;Fri Jul 12 18:53:41 PDT 2019;;;;24;0% (0/0);0% (0/0);0% (0/0);https://i.imgur.com/YDIyw2f.jpg;Unpacking Table;;1
30Z7M1Q8UZ8O4ZP68Y29ZGGW1O78AN;3RY3YOAA7PRFP9Y2F6M5ZETQ95V27H;Pick one out of three categories;Categorize the given image based on the provided examples.;categorize, image, classification, classify;$0.01;Wed Jul 10 18:50:08 PDT 2019;5;"BatchId:3701708;OriginalHitTemplateId:928390873;";300;172800;Sun Jul 14 18:50:08 PDT 2019;;;382M9COHEJ3SFTBPH8A2FBJ2PKAEUQ;A3K758SI907CG9;Submitted;Wed Jul 10 19:07:33 PDT 2019;Wed Jul 10 19:11:15 PDT 2019;Fri Jul 12 19:11:15 PDT 2019;;;;222;0% (0/0);0% (0/0);0% (0/0);https://i.imgur.com/pI8rz0F.jpg;Unpacking Table;1;
30Z7M1Q8UZ8O4ZP68Y29ZGGW1O78AN;3RY3YOAA7PRFP9Y2F6M5ZETQ95V27H;Pick one out of three categories;Categorize the given image based on the provided examples.;categorize, image, classification, classify;$0.01;Wed Jul 10 18:50:08 PDT 2019;5;"BatchId:3701708;OriginalHitTemplateId:928390873;";300;172800;Sun Jul 14 18:50:08 PDT 2019;;;3DZQRBDBSN39QI3O3JY6HJXHDYX3S6;A1QXU4Q3CK75FK;Submitted;Wed Jul 10 18:55:55 PDT 2019;Wed Jul 10 18:56:37 PDT 2019;Fri Jul 12 18:56:37 PDT 2019;;;;42;0% (0/0);0% (0/0);0% (0/0);https://i.imgur.com/pI8rz0F.jpg;Unpacking Table;1;
30Z7M1Q8UZ8O4ZP68Y29ZGGW1O78AN;3RY3YOAA7PRFP9Y2F6M5ZETQ95V27H;Pick one out of three categories;Categorize the given image based on the provided examples.;categorize, image, classification, classify;$0.01;Wed Jul 10 18:50:08 PDT 2019;5;"BatchId:3701708;OriginalHitTemplateId:928390873;";300;172800;Sun Jul 14 18:50:08 PDT 2019;;;3HMVI3QICLGAC11IFLCCBC6LWZCY1K;A3NBD6P0INJB4G;Submitted;Wed Jul 10 18:51:00 PDT 2019;Wed Jul 10 18:51:08 PDT 2019;Fri Jul 12 18:51:08 PDT 2019;;;;8;0% (0/0);0% (0/0);0% (0/0);https://i.imgur.com/pI8rz0F.jpg;Unpacking Table;1;
30Z7M1Q8UZ8O4ZP68Y29ZGGW1O78AN;3RY3YOAA7PRFP9Y2F6M5ZETQ95V27H;Pick one out of three categories;Categorize the given image based on the provided examples.;categorize, image, classification, classify;$0.01;Wed Jul 10 18:50:08 PDT 2019;5;"BatchId:3701708;OriginalHitTemplateId:928390873;";300;172800;Sun Jul 14 18:50:08 PDT 2019;;;3HMVI3QICLGAC11IFLCCBC6LWZF1YQ;A2MV1325939NBM;Submitted;Wed Jul 10 18:54:43 PDT 2019;Wed Jul 10 18:55:24 PDT 2019;Fri Jul 12 18:55:24 PDT 2019;;;;41;0% (0/0);0% (0/0);0% (0/0);https://i.imgur.com/pI8rz0F.jpg;Unpacking Table;1;
30Z7M1Q8UZ8O4ZP68Y29ZGGW1O78AN;3RY3YOAA7PRFP9Y2F6M5ZETQ95V27H;Pick one out of three categories;Categorize the given image based on the provided examples.;categorize, image, classification, classify;$0.01;Wed Jul 10 18:50:08 PDT 2019;5;"BatchId:3701708;OriginalHitTemplateId:928390873;";300;172800;Sun Jul 14 18:50:08 PDT 2019;;;3WZ36BJEV54F8DKG7CI297RF39NTBB;AKLKDS34ZAGML;Submitted;Wed Jul 10 18:54:10 PDT 2019;Wed Jul 10 18:54:15 PDT 2019;Fri Jul 12 18:54:15 PDT 2019;;;;5;0% (0/0);0% (0/0);0% (0/0);https://i.imgur.com/pI8rz0F.jpg;Unpacking Table;1;
306W7JMRYZMTN9UYEC25UR02J6S8BI;3RY3YOAA7PRFP9Y2F6M5ZETQ95V27H;Pick one out of three categories;Categorize the given image based on the provided examples.;categorize, image, classification, classify;$0.01;Wed Jul 10 18:50:08 PDT 2019;5;"BatchId:3701708;OriginalHitTemplateId:928390873;";300;172800;Sun Jul 14 18:50:08 PDT 2019;;;36H9ULYP64IB7R0R0KQUQRVRK5OJFE;A1OX5KXDZAVQPJ;Submitted;Wed Jul 10 18:54:01 PDT 2019;Wed Jul 10 18:55:29 PDT 2019;Fri Jul 12 18:55:29 PDT 2019;;;;88;0% (0/0);0% (0/0);0% (0/0);https://i.imgur.com/7NFG8xv.jpg;2x2 Matrix;1;
306W7JMRYZMTN9UYEC25UR02J6S8BI;3RY3YOAA7PRFP9Y2F6M5ZETQ95V27H;Pick one out of three categories;Categorize the given image based on the provided examples.;categorize, image, classification, classify;$0.01;Wed Jul 10 18:50:08 PDT 2019;5;"BatchId:3701708;OriginalHitTemplateId:928390873;";300;172800;Sun Jul 14 18:50:08 PDT 2019;;;38F5OAUN5P021SQVU1PXQM2V9P27HU;A2MV1325939NBM;Submitted;Wed Jul 10 18:55:25 PDT 2019;Wed Jul 10 18:55:46 PDT 2019;Fri Jul 12 18:55:46 PDT 2019;;;;21;0% (0/0);0% (0/0);0% (0/0);https://i.imgur.com/7NFG8xv.jpg;2x2 Matrix;1;
306W7JMRYZMTN9UYEC25UR02J6S8BI;3RY3YOAA7PRFP9Y2F6M5ZETQ95V27H;Pick one out of three categories;Categorize the given image based on the provided examples.;categorize, image, classification, classify;$0.01;Wed Jul 10 18:50:08 PDT 2019;5;"BatchId:3701708;OriginalHitTemplateId:928390873;";300;172800;Sun Jul 14 18:50:08 PDT 2019;;;3DUZQ9U6SOCT2R57NT4C0EP04IXSVZ;A1AYVATMT88U1W;Submitted;Wed Jul 10 19:28:17 PDT 2019;Wed Jul 10 19:29:09 PDT 2019;Fri Jul 12 19:29:09 PDT 2019;;;;52;0% (0/0);0% (0/0);0% (0/0);https://i.imgur.com/7NFG8xv.jpg;2x2 Matrix;1;
306W7JMRYZMTN9UYEC25UR02J6S8BI;3RY3YOAA7PRFP9Y2F6M5ZETQ95V27H;Pick one out of three categories;Categorize the given image based on the provided examples.;categorize, image, classification, classify;$0.01;Wed Jul 10 18:50:08 PDT 2019;5;"BatchId:3701708;OriginalHitTemplateId:928390873;";300;172800;Sun Jul 14 18:50:08 PDT 2019;;;3KMS4QQVK4E6IB69I5Q6R6V4ZUOKFE;AKLKDS34ZAGML;Submitted;Wed Jul 10 18:54:35 PDT 2019;Wed Jul 10 18:54:43 PDT 2019;Fri Jul 12 18:54:43 PDT 2019;;;;8;0% (0/0);0% (0/0);0% (0/0);https://i.imgur.com/7NFG8xv.jpg;2x2 Matrix;1;
306W7JMRYZMTN9UYEC25UR02J6S8BI;3RY3YOAA7PRFP9Y2F6M5ZETQ95V27H;Pick one out of three categories;Categorize the given image based on the provided examples.;categorize, image, classification, classify;$0.01;Wed Jul 10 18:50:08 PDT 2019;5;"BatchId:3701708;OriginalHitTemplateId:928390873;";300;172800;Sun Jul 14 18:50:08 PDT 2019;;;3QL2OFSM9860N572OGSLBSR5WC0NCA;A3NBD6P0INJB4G;Submitted;Wed Jul 10 18:52:39 PDT 2019;Wed Jul 10 18:52:51 PDT 2019;Fri Jul 12 18:52:51 PDT 2019;;;;12;0% (0/0);0% (0/0);0% (0/0);https://i.imgur.com/7NFG8xv.jpg;2x2 Matrix;1;
3JTPR5MTZT0BTUFQMR8VHA914A05KX;3RY3YOAA7PRFP9Y2F6M5ZETQ95V27H;Pick one out of three categories;Categorize the given image based on the provided examples.;categorize, image, classification, classify;$0.01;Wed Jul 10 18:50:08 PDT 2019;5;"BatchId:3701708;OriginalHitTemplateId:928390873;";300;172800;Sun Jul 14 18:50:08 PDT 2019;;;37FMASSAYEFPZZ45D0JYV0P6SS8BID;A1QXU4Q3CK75FK;Submitted;Wed Jul 10 18:56:38 PDT 2019;Wed Jul 10 18:56:58 PDT 2019;Fri Jul 12 18:56:58 PDT 2019;;;;20;0% (0/0);0% (0/0);0% (0/0);https://i.imgur.com/xsprazO.jpg;2x2 Matrix;1;
3JTPR5MTZT0BTUFQMR8VHA914A05KX;3RY3YOAA7PRFP9Y2F6M5ZETQ95V27H;Pick one out of three categories;Categorize the given image based on the provided examples.;categorize, image, classification, classify;$0.01;Wed Jul 10 18:50:08 PDT 2019;5;"BatchId:3701708;OriginalHitTemplateId:928390873;";300;172800;Sun Jul 14 18:50:08 PDT 2019;;;38YMOXR4MWN1UI7F6Q65LBCMT2UW6J;AKLKDS34ZAGML;Submitted;Wed Jul 10 18:54:15 PDT 2019;Wed Jul 10 18:54:25 PDT 2019;Fri Jul 12 18:54:25 PDT 2019;;;;10;0% (0/0);0% (0/0);0% (0/0);https://i.imgur.com/xsprazO.jpg;2x2 Matrix;1;
3JTPR5MTZT0BTUFQMR8VHA914A05KX;3RY3YOAA7PRFP9Y2F6M5ZETQ95V27H;Pick one out of three categories;Categorize the given image based on the provided examples.;categorize, image, classification, classify;$0.01;Wed Jul 10 18:50:08 PDT 2019;5;"BatchId:3701708;OriginalHitTemplateId:928390873;";300;172800;Sun Jul 14 18:50:08 PDT 2019;;;3907X2AHF2TNS8RD72G734NEK0OP2Z;A3NBD6P0INJB4G;Submitted;Wed Jul 10 18:52:09 PDT 2019;Wed Jul 10 18:52:17 PDT 2019;Fri Jul 12 18:52:17 PDT 2019;;;;8;0% (0/0);0% (0/0);0% (0/0);https://i.imgur.com/xsprazO.jpg;2x2 Matrix;1;
3JTPR5MTZT0BTUFQMR8VHA914A05KX;3RY3YOAA7PRFP9Y2F6M5ZETQ95V27H;Pick one out of three categories;Categorize the given image based on the provided examples.;categorize, image, classification, classify;$0.01;Wed Jul 10 18:50:08 PDT 2019;5;"BatchId:3701708;OriginalHitTemplateId:928390873;";300;172800;Sun Jul 14 18:50:08 PDT 2019;;;39OWYR0EPMF12GVQMKRX0EAFX9YFY5;A12HIW79ZJ7B50;Submitted;Wed Jul 10 18:56:16 PDT 2019;Wed Jul 10 18:56:26 PDT 2019;Fri Jul 12 18:56:26 PDT 2019;;;;10;0% (0/0);0% (0/0);0% (0/0);https://i.imgur.com/xsprazO.jpg;2x2 Matrix;1;
3JTPR5MTZT0BTUFQMR8VHA914A05KX;3RY3YOAA7PRFP9Y2F6M5ZETQ95V27H;Pick one out of three categories;Categorize the given image based on the provided examples.;categorize, image, classification, classify;$0.01;Wed Jul 10 18:50:08 PDT 2019;5;"BatchId:3701708;OriginalHitTemplateId:928390873;";300;172800;Sun Jul 14 18:50:08 PDT 2019;;;3IHR8NYAM9PXVM60BGZVWJKC4EL4PB;A2MV1325939NBM;Submitted;Wed Jul 10 18:52:55 PDT 2019;Wed Jul 10 18:53:54 PDT 2019;Fri Jul 12 18:53:54 PDT 2019;;;;59;0% (0/0);0% (0/0);0% (0/0);https://i.imgur.com/xsprazO.jpg;Unpacking Table;;1
3OCZWXS7ZPVMD0X87RKWWAMGTA55L0;3RY3YOAA7PRFP9Y2F6M5ZETQ95V27H;Pick one out of three categories;Categorize the given image based on the provided examples.;categorize, image, classification, classify;$0.01;Wed Jul 10 18:50:08 PDT 2019;5;"BatchId:3701708;OriginalHitTemplateId:928390873;";300;172800;Sun Jul 14 18:50:08 PDT 2019;;;324G5B4FB5WRQSKZWTICKU3EN8Z70R;AKLKDS34ZAGML;Submitted;Wed Jul 10 18:54:05 PDT 2019;Wed Jul 10 18:54:13 PDT 2019;Fri Jul 12 18:54:13 PDT 2019;;;;8;0% (0/0);0% (0/0);0% (0/0);https://i.imgur.com/MOzCx5o.jpg;None of the Above;;1
3OCZWXS7ZPVMD0X87RKWWAMGTA55L0;3RY3YOAA7PRFP9Y2F6M5ZETQ95V27H;Pick one out of three categories;Categorize the given image based on the provided examples.;categorize, image, classification, classify;$0.01;Wed Jul 10 18:50:08 PDT 2019;5;"BatchId:3701708;OriginalHitTemplateId:928390873;";300;172800;Sun Jul 14 18:50:08 PDT 2019;;;37C0GNLMHHR2LC7OPV1FTNN1MMO6DK;A3NBD6P0INJB4G;Submitted;Wed Jul 10 18:53:47 PDT 2019;Wed Jul 10 18:53:56 PDT 2019;Fri Jul 12 18:53:56 PDT 2019;;;;9;0% (0/0);0% (0/0);0% (0/0);https://i.imgur.com/MOzCx5o.jpg;None of the Above;;1
3OCZWXS7ZPVMD0X87RKWWAMGTA55L0;3RY3YOAA7PRFP9Y2F6M5ZETQ95V27H;Pick one out of three categories;Categorize the given image based on the provided examples.;categorize, image, classification, classify;$0.01;Wed Jul 10 18:50:08 PDT 2019;5;"BatchId:3701708;OriginalHitTemplateId:928390873;";300;172800;Sun Jul 14 18:50:08 PDT 2019;;;3R8YZBNQ9J6FELPYDRCRZ0UW0CWQ77;A2MV1325939NBM;Submitted;Wed Jul 10 18:52:55 PDT 2019;Wed Jul 10 18:54:02 PDT 2019;Fri Jul 12 18:54:02 PDT 2019;;;;67;0% (0/0);0% (0/0);0% (0/0);https://i.imgur.com/MOzCx5o.jpg;Unpacking Table;1;
3OCZWXS7ZPVMD0X87RKWWAMGTA55L0;3RY3YOAA7PRFP9Y2F6M5ZETQ95V27H;Pick one out of three categories;Categorize the given image based on the provided examples.;categorize, image, classification, classify;$0.01;Wed Jul 10 18:50:08 PDT 2019;5;"BatchId:3701708;OriginalHitTemplateId:928390873;";300;172800;Sun Jul 14 18:50:08 PDT 2019;;;3RGU30DZTCWHD1S8M7U7LHF0H6ZMJN;A3LWAR1QNK5ECW;Submitted;Wed Jul 10 18:52:20 PDT 2019;Wed Jul 10 18:52:29 PDT 2019;Fri Jul 12 18:52:29 PDT 2019;;;;9;0% (0/0);0% (0/0);0% (0/0);https://i.imgur.com/MOzCx5o.jpg;None of the Above;;1
3OCZWXS7ZPVMD0X87RKWWAMGTA55L0;3RY3YOAA7PRFP9Y2F6M5ZETQ95V27H;Pick one out of three categories;Categorize the given image based on the provided examples.;categorize, image, classification, classify;$0.01;Wed Jul 10 18:50:08 PDT 2019;5;"BatchId:3701708;OriginalHitTemplateId:928390873;";300;172800;Sun Jul 14 18:50:08 PDT 2019;;;3X08E93BHX6303S9F8T1NHD950066R;A1OX5KXDZAVQPJ;Submitted;Wed Jul 10 18:51:19 PDT 2019;Wed Jul 10 18:53:17 PDT 2019;Fri Jul 12 18:53:17 PDT 2019;;;;118;0% (0/0);0% (0/0);0% (0/0);https://i.imgur.com/MOzCx5o.jpg;None of the Above;;1
3W1K7D6QSC5875VLN22I7BX6IFZBZQ;3RY3YOAA7PRFP9Y2F6M5ZETQ95V27H;Pick one out of three categories;Categorize the given image based on the provided examples.;categorize, image, classification, classify;$0.01;Wed Jul 10 18:50:08 PDT 2019;5;"BatchId:3701708;OriginalHitTemplateId:928390873;";300;172800;Sun Jul 14 18:50:08 PDT 2019;;;3JCG6DTRV5EPK3UD9QLXZRBR52QQQ7;A12HIW79ZJ7B50;Submitted;Wed Jul 10 18:56:34 PDT 2019;Wed Jul 10 18:56:43 PDT 2019;Fri Jul 12 18:56:43 PDT 2019;;;;9;0% (0/0);0% (0/0);0% (0/0);https://i.imgur.com/bVesBBw.jpg;2x2 Matrix;1;
3W1K7D6QSC5875VLN22I7BX6IFZBZQ;3RY3YOAA7PRFP9Y2F6M5ZETQ95V27H;Pick one out of three categories;Categorize the given image based on the provided examples.;categorize, image, classification, classify;$0.01;Wed Jul 10 18:50:08 PDT 2019;5;"BatchId:3701708;OriginalHitTemplateId:928390873;";300;172800;Sun Jul 14 18:50:08 PDT 2019;;;3LQ8PUHQFNGZQC7RDSTUHBS4N5BIHY;A3NBD6P0INJB4G;Submitted;Wed Jul 10 18:51:20 PDT 2019;Wed Jul 10 18:51:29 PDT 2019;Fri Jul 12 18:51:29 PDT 2019;;;;9;0% (0/0);0% (0/0);0% (0/0);https://i.imgur.com/bVesBBw.jpg;2x2 Matrix;1;
3W1K7D6QSC5875VLN22I7BX6IFZBZQ;3RY3YOAA7PRFP9Y2F6M5ZETQ95V27H;Pick one out of three categories;Categorize the given image based on the provided examples.;categorize, image, classification, classify;$0.01;Wed Jul 10 18:50:08 PDT 2019;5;"BatchId:3701708;OriginalHitTemplateId:928390873;";300;172800;Sun Jul 14 18:50:08 PDT 2019;;;3T111IHZ5GEJ45SR53ZBIMV7ROVR9U;A1AYVATMT88U1W;Submitted;Wed Jul 10 19:29:10 PDT 2019;Wed Jul 10 19:29:27 PDT 2019;Fri Jul 12 19:29:27 PDT 2019;;;;17;0% (0/0);0% (0/0);0% (0/0);https://i.imgur.com/bVesBBw.jpg;2x2 Matrix;1;
3W1K7D6QSC5875VLN22I7BX6IFZBZQ;3RY3YOAA7PRFP9Y2F6M5ZETQ95V27H;Pick one out of three categories;Categorize the given image based on the provided examples.;categorize, image, classification, classify;$0.01;Wed Jul 10 18:50:08 PDT 2019;5;"BatchId:3701708;OriginalHitTemplateId:928390873;";300;172800;Sun Jul 14 18:50:08 PDT 2019;;;3YZ8UPK3VVADIVRBLH47PNJZ48UUCA;AKLKDS34ZAGML;Submitted;Wed Jul 10 18:54:43 PDT 2019;Wed Jul 10 18:54:51 PDT 2019;Fri Jul 12 18:54:51 PDT 2019;;;;8;0% (0/0);0% (0/0);0% (0/0);https://i.imgur.com/bVesBBw.jpg;Unpacking Table;;1
3W1K7D6QSC5875VLN22I7BX6IFZBZQ;3RY3YOAA7PRFP9Y2F6M5ZETQ95V27H;Pick one out of three categories;Categorize the given image based on the provided examples.;categorize, image, classification, classify;$0.01;Wed Jul 10 18:50:08 PDT 2019;5;"BatchId:3701708;OriginalHitTemplateId:928390873;";300;172800;Sun Jul 14 18:50:08 PDT 2019;;;3Z7VU45IP05AHRBNB7EVPJFN2TJ1ZH;A2MV1325939NBM;Submitted;Wed Jul 10 18:54:45 PDT 2019;Wed Jul 10 18:55:11 PDT 2019;Fri Jul 12 18:55:11 PDT 2019;;;;26;0% (0/0);0% (0/0);0% (0/0);https://i.imgur.com/bVesBBw.jpg;2x2 Matrix;1;
37M4O367VK66JIFT73LBWN15TFV5M2;3RY3YOAA7PRFP9Y2F6M5ZETQ95V27H;Pick one out of three categories;Categorize the given image based on the provided examples.;categorize, image, classification, classify;$0.01;Wed Jul 10 18:50:08 PDT 2019;5;"BatchId:3701708;OriginalHitTemplateId:928390873;";300;172800;Sun Jul 14 18:50:08 PDT 2019;;;33F859I5681P34TL7I1DVOORSFSHBP;A3NBD6P0INJB4G;Submitted;Wed Jul 10 18:53:56 PDT 2019;Wed Jul 10 18:54:04 PDT 2019;Fri Jul 12 18:54:04 PDT 2019;;;;8;0% (0/0);0% (0/0);0% (0/0);https://i.imgur.com/mk3QRSw.jpg;Unpacking Table;1;
37M4O367VK66JIFT73LBWN15TFV5M2;3RY3YOAA7PRFP9Y2F6M5ZETQ95V27H;Pick one out of three categories;Categorize the given image based on the provided examples.;categorize, image, classification, classify;$0.01;Wed Jul 10 18:50:08 PDT 2019;5;"BatchId:3701708;OriginalHitTemplateId:928390873;";300;172800;Sun Jul 14 18:50:08 PDT 2019;;;35DR22AR5F8HMZPNXT4TGRE9SDYX37;AKLKDS34ZAGML;Submitted;Wed Jul 10 18:54:59 PDT 2019;Wed Jul 10 18:55:06 PDT 2019;Fri Jul 12 18:55:06 PDT 2019;;;;7;0% (0/0);0% (0/0);0% (0/0);https://i.imgur.com/mk3QRSw.jpg;Unpacking Table;1;
37M4O367VK66JIFT73LBWN15TFV5M2;3RY3YOAA7PRFP9Y2F6M5ZETQ95V27H;Pick one out of three categories;Categorize the given image based on the provided examples.;categorize, image, classification, classify;$0.01;Wed Jul 10 18:50:08 PDT 2019;5;"BatchId:3701708;OriginalHitTemplateId:928390873;";300;172800;Sun Jul 14 18:50:08 PDT 2019;;;36DSNE9QZ7M5D4DKZN9KDL45C6EJOZ;A3LWAR1QNK5ECW;Submitted;Wed Jul 10 18:52:06 PDT 2019;Wed Jul 10 18:52:09 PDT 2019;Fri Jul 12 18:52:09 PDT 2019;;;;3;0% (0/0);0% (0/0);0% (0/0);https://i.imgur.com/mk3QRSw.jpg;Unpacking Table;1;
37M4O367VK66JIFT73LBWN15TFV5M2;3RY3YOAA7PRFP9Y2F6M5ZETQ95V27H;Pick one out of three categories;Categorize the given image based on the provided examples.;categorize, image, classification, classify;$0.01;Wed Jul 10 18:50:08 PDT 2019;5;"BatchId:3701708;OriginalHitTemplateId:928390873;";300;172800;Sun Jul 14 18:50:08 PDT 2019;;;3LBXNTKX0TJ311E3E25374HVS599X1;A1OX5KXDZAVQPJ;Submitted;Wed Jul 10 18:55:30 PDT 2019;Wed Jul 10 18:57:01 PDT 2019;Fri Jul 12 18:57:01 PDT 2019;;;;91;0% (0/0);0% (0/0);0% (0/0);https://i.imgur.com/mk3QRSw.jpg;Unpacking Table;1;
37M4O367VK66JIFT73LBWN15TFV5M2;3RY3YOAA7PRFP9Y2F6M5ZETQ95V27H;Pick one out of three categories;Categorize the given image based on the provided examples.;categorize, image, classification, classify;$0.01;Wed Jul 10 18:50:08 PDT 2019;5;"BatchId:3701708;OriginalHitTemplateId:928390873;";300;172800;Sun Jul 14 18:50:08 PDT 2019;;;3LRLIPTPESXBMKP17P4ED5KD2ECAKS;A2MV1325939NBM;Submitted;Wed Jul 10 18:55:50 PDT 2019;Wed Jul 10 18:56:05 PDT 2019;Fri Jul 12 18:56:05 PDT 2019;;;;15;0% (0/0);0% (0/0);0% (0/0);https://i.imgur.com/mk3QRSw.jpg;Unpacking Table;1;
3HRWUH63QVQC100TJ40B92Q5Y555N2;3RY3YOAA7PRFP9Y2F6M5ZETQ95V27H;Pick one out of three categories;Categorize the given image based on the provided examples.;categorize, image, classification, classify;$0.01;Wed Jul 10 18:50:08 PDT 2019;5;"BatchId:3701708;OriginalHitTemplateId:928390873;";300;172800;Sun Jul 14 18:50:08 PDT 2019;;;37Q970SNZGWDGFP9GFKNTQIKFEIS12;A1QXU4Q3CK75FK;Submitted;Wed Jul 10 18:55:00 PDT 2019;Wed Jul 10 18:55:13 PDT 2019;Fri Jul 12 18:55:13 PDT 2019;;;;13;0% (0/0);0% (0/0);0% (0/0);https://i.imgur.com/MRDW3Gr.png;Unpacking Table;;1
3HRWUH63QVQC100TJ40B92Q5Y555N2;3RY3YOAA7PRFP9Y2F6M5ZETQ95V27H;Pick one out of three categories;Categorize the given image based on the provided examples.;categorize, image, classification, classify;$0.01;Wed Jul 10 18:50:08 PDT 2019;5;"BatchId:3701708;OriginalHitTemplateId:928390873;";300;172800;Sun Jul 14 18:50:08 PDT 2019;;;3H7XDTSHKEF3RBWLI3FRX2PBNGXWGL;A1HNR6OIRFCEHS;Submitted;Wed Jul 10 18:54:26 PDT 2019;Wed Jul 10 18:55:57 PDT 2019;Fri Jul 12 18:55:57 PDT 2019;;;;91;0% (0/0);0% (0/0);0% (0/0);https://i.imgur.com/MRDW3Gr.png;None of the Above;1;
3HRWUH63QVQC100TJ40B92Q5Y555N2;3RY3YOAA7PRFP9Y2F6M5ZETQ95V27H;Pick one out of three categories;Categorize the given image based on the provided examples.;categorize, image, classification, classify;$0.01;Wed Jul 10 18:50:08 PDT 2019;5;"BatchId:3701708;OriginalHitTemplateId:928390873;";300;172800;Sun Jul 14 18:50:08 PDT 2019;;;3I02618YA2UWCK0FQMQD9NI63R8PUI;A3NBD6P0INJB4G;Submitted;Wed Jul 10 18:52:30 PDT 2019;Wed Jul 10 18:52:39 PDT 2019;Fri Jul 12 18:52:39 PDT 2019;;;;9;0% (0/0);0% (0/0);0% (0/0);https://i.imgur.com/MRDW3Gr.png;None of the Above;1;
3HRWUH63QVQC100TJ40B92Q5Y555N2;3RY3YOAA7PRFP9Y2F6M5ZETQ95V27H;Pick one out of three categories;Categorize the given image based on the provided examples.;categorize, image, classification, classify;$0.01;Wed Jul 10 18:50:08 PDT 2019;5;"BatchId:3701708;OriginalHitTemplateId:928390873;";300;172800;Sun Jul 14 18:50:08 PDT 2019;;;3IHR8NYAM9PXVM60BGZVWJKC4ELP4W;AKLKDS34ZAGML;Submitted;Wed Jul 10 18:54:45 PDT 2019;Wed Jul 10 18:54:54 PDT 2019;Fri Jul 12 18:54:54 PDT 2019;;;;9;0% (0/0);0% (0/0);0% (0/0);https://i.imgur.com/MRDW3Gr.png;None of the Above;1;
3HRWUH63QVQC100TJ40B92Q5Y555N2;3RY3YOAA7PRFP9Y2F6M5ZETQ95V27H;Pick one out of three categories;Categorize the given image based on the provided examples.;categorize, image, classification, classify;$0.01;Wed Jul 10 18:50:08 PDT 2019;5;"BatchId:3701708;OriginalHitTemplateId:928390873;";300;172800;Sun Jul 14 18:50:08 PDT 2019;;;3TVRFO09GM3Y23FC3Z8TCD8QSZRLXB;A2MV1325939NBM;Submitted;Wed Jul 10 19:01:34 PDT 2019;Wed Jul 10 19:02:19 PDT 2019;Fri Jul 12 19:02:19 PDT 2019;;;;45;0% (0/0);0% (0/0);0% (0/0);https://i.imgur.com/MRDW3Gr.png;Unpacking Table;;1
389A2A304P6UFPH1X8LLCW02ITGC06;3RY3YOAA7PRFP9Y2F6M5ZETQ95V27H;Pick one out of three categories;Categorize the given image based on the provided examples.;categorize, image, classification, classify;$0.01;Wed Jul 10 18:50:08 PDT 2019;5;"BatchId:3701708;OriginalHitTemplateId:928390873;";300;172800;Sun Jul 14 18:50:08 PDT 2019;;;36V4Q8R5ZMOYZOWLHXEGIIRMV1SMQF;AKLKDS34ZAGML;Submitted;Wed Jul 10 18:54:31 PDT 2019;Wed Jul 10 18:54:39 PDT 2019;Fri Jul 12 18:54:39 PDT 2019;;;;8;0% (0/0);0% (0/0);0% (0/0);https://i.imgur.com/MN5XwAH.jpg;Unpacking Table;1;
389A2A304P6UFPH1X8LLCW02ITGC06;3RY3YOAA7PRFP9Y2F6M5ZETQ95V27H;Pick one out of three categories;Categorize the given image based on the provided examples.;categorize, image, classification, classify;$0.01;Wed Jul 10 18:50:08 PDT 2019;5;"BatchId:3701708;OriginalHitTemplateId:928390873;";300;172800;Sun Jul 14 18:50:08 PDT 2019;;;3BDCF01OGZIN285M8VUVVRFZU5ILYE;A1BANTV8HONS2C;Submitted;Wed Jul 10 18:52:20 PDT 2019;Wed Jul 10 18:52:45 PDT 2019;Fri Jul 12 18:52:45 PDT 2019;;;;25;0% (0/0);0% (0/0);0% (0/0);https://i.imgur.com/MN5XwAH.jpg;Unpacking Table;1;
389A2A304P6UFPH1X8LLCW02ITGC06;3RY3YOAA7PRFP9Y2F6M5ZETQ95V27H;Pick one out of three categories;Categorize the given image based on the provided examples.;categorize, image, classification, classify;$0.01;Wed Jul 10 18:50:08 PDT 2019;5;"BatchId:3701708;OriginalHitTemplateId:928390873;";300;172800;Sun Jul 14 18:50:08 PDT 2019;;;3EFVCAY5L5X2SCQ4S6KOGZE5X1A8JL;A3NBD6P0INJB4G;Submitted;Wed Jul 10 18:51:29 PDT 2019;Wed Jul 10 18:51:59 PDT 2019;Fri Jul 12 18:51:59 PDT 2019;;;;30;0% (0/0);0% (0/0);0% (0/0);https://i.imgur.com/MN5XwAH.jpg;Unpacking Table;1;
389A2A304P6UFPH1X8LLCW02ITGC06;3RY3YOAA7PRFP9Y2F6M5ZETQ95V27H;Pick one out of three categories;Categorize the given image based on the provided examples.;categorize, image, classification, classify;$0.01;Wed Jul 10 18:50:08 PDT 2019;5;"BatchId:3701708;OriginalHitTemplateId:928390873;";300;172800;Sun Jul 14 18:50:08 PDT 2019;;;3H7XDTSHKEF3RBWLI3FRX2PBNGWGW4;A3LWAR1QNK5ECW;Submitted;Wed Jul 10 18:51:53 PDT 2019;Wed Jul 10 18:52:02 PDT 2019;Fri Jul 12 18:52:02 PDT 2019;;;;9;0% (0/0);0% (0/0);0% (0/0);https://i.imgur.com/MN5XwAH.jpg;Unpacking Table;1;
389A2A304P6UFPH1X8LLCW02ITGC06;3RY3YOAA7PRFP9Y2F6M5ZETQ95V27H;Pick one out of three categories;Categorize the given image based on the provided examples.;categorize, image, classification, classify;$0.01;Wed Jul 10 18:50:08 PDT 2019;5;"BatchId:3701708;OriginalHitTemplateId:928390873;";300;172800;Sun Jul 14 18:50:08 PDT 2019;;;3ZSANO2JCHV46UJHNEZ8ISMEGO1SF3;A1QXU4Q3CK75FK;Submitted;Wed Jul 10 18:55:30 PDT 2019;Wed Jul 10 18:56:03 PDT 2019;Fri Jul 12 18:56:03 PDT 2019;;;;33;0% (0/0);0% (0/0);0% (0/0);https://i.imgur.com/MN5XwAH.jpg;Unpacking Table;1;
3JHB4BPSFLXG5KFX2M59PCQCPCB9QK;3RY3YOAA7PRFP9Y2F6M5ZETQ95V27H;Pick one out of three categories;Categorize the given image based on the provided examples.;categorize, image, classification, classify;$0.01;Wed Jul 10 18:50:08 PDT 2019;5;"BatchId:3701708;OriginalHitTemplateId:928390873;";300;172800;Sun Jul 14 18:50:08 PDT 2019;;;351SEKWQS254AFSGCB8WIJKNCMADM8;A1G47JS9ST7NQ6;Submitted;Wed Jul 10 19:23:12 PDT 2019;Wed Jul 10 19:25:27 PDT 2019;Fri Jul 12 19:25:27 PDT 2019;;;;135;0% (0/0);0% (0/0);0% (0/0);https://i.imgur.com/fN7YGAY.jpg;2x2 Matrix;1;
3JHB4BPSFLXG5KFX2M59PCQCPCB9QK;3RY3YOAA7PRFP9Y2F6M5ZETQ95V27H;Pick one out of three categories;Categorize the given image based on the provided examples.;categorize, image, classification, classify;$0.01;Wed Jul 10 18:50:08 PDT 2019;5;"BatchId:3701708;OriginalHitTemplateId:928390873;";300;172800;Sun Jul 14 18:50:08 PDT 2019;;;3JMSRU9HQKISS80PMYK7BXLL3RGEVC;AKLKDS34ZAGML;Submitted;Wed Jul 10 18:54:13 PDT 2019;Wed Jul 10 18:54:20 PDT 2019;Fri Jul 12 18:54:20 PDT 2019;;;;7;0% (0/0);0% (0/0);0% (0/0);https://i.imgur.com/fN7YGAY.jpg;None of the Above;;1
3JHB4BPSFLXG5KFX2M59PCQCPCB9QK;3RY3YOAA7PRFP9Y2F6M5ZETQ95V27H;Pick one out of three categories;Categorize the given image based on the provided examples.;categorize, image, classification, classify;$0.01;Wed Jul 10 18:50:08 PDT 2019;5;"BatchId:3701708;OriginalHitTemplateId:928390873;";300;172800;Sun Jul 14 18:50:08 PDT 2019;;;3M0BCWMB8XK70UOA2HNDWRYE735BWJ;A3NBD6P0INJB4G;Submitted;Wed Jul 10 18:54:04 PDT 2019;Wed Jul 10 18:54:17 PDT 2019;Fri Jul 12 18:54:17 PDT 2019;;;;13;0% (0/0);0% (0/0);0% (0/0);https://i.imgur.com/fN7YGAY.jpg;2x2 Matrix;1;
3JHB4BPSFLXG5KFX2M59PCQCPCB9QK;3RY3YOAA7PRFP9Y2F6M5ZETQ95V27H;Pick one out of three categories;Categorize the given image based on the provided examples.;categorize, image, classification, classify;$0.01;Wed Jul 10 18:50:08 PDT 2019;5;"BatchId:3701708;OriginalHitTemplateId:928390873;";300;172800;Sun Jul 14 18:50:08 PDT 2019;;;3PMBY0YE29RFY338N69GTRWLRNK9CY;A2MV1325939NBM;Submitted;Wed Jul 10 18:53:55 PDT 2019;Wed Jul 10 18:54:42 PDT 2019;Fri Jul 12 18:54:42 PDT 2019;;;;47;0% (0/0);0% (0/0);0% (0/0);https://i.imgur.com/fN7YGAY.jpg;2x2 Matrix;1;
3JHB4BPSFLXG5KFX2M59PCQCPCB9QK;3RY3YOAA7PRFP9Y2F6M5ZETQ95V27H;Pick one out of three categories;Categorize the given image based on the provided examples.;categorize, image, classification, classify;$0.01;Wed Jul 10 18:50:08 PDT 2019;5;"BatchId:3701708;OriginalHitTemplateId:928390873;";300;172800;Sun Jul 14 18:50:08 PDT 2019;;;3PW9OPU9PS8KBG8BM05H285GHKK129;A1QXU4Q3CK75FK;Submitted;Wed Jul 10 18:56:03 PDT 2019;Wed Jul 10 18:56:18 PDT 2019;Fri Jul 12 18:56:18 PDT 2019;;;;15;0% (0/0);0% (0/0);0% (0/0);https://i.imgur.com/fN7YGAY.jpg;None of the Above;;1
34D9ZRXCYSI6NJ4FMW8EG7GXDIDSA6;3RY3YOAA7PRFP9Y2F6M5ZETQ95V27H;Pick one out of three categories;Categorize the given image based on the provided examples.;categorize, image, classification, classify;$0.01;Wed Jul 10 18:50:08 PDT 2019;5;"BatchId:3701708;OriginalHitTemplateId:928390873;";300;172800;Sun Jul 14 18:50:08 PDT 2019;;;31Q0U3WYDR3RXH5HSCMCYZMOS0771W;A2MV1325939NBM;Submitted;Wed Jul 10 19:01:29 PDT 2019;Wed Jul 10 19:02:00 PDT 2019;Fri Jul 12 19:02:00 PDT 2019;;;;31;0% (0/0);0% (0/0);0% (0/0);https://i.imgur.com/ba4g1gw.jpg;None of the Above;1;
34D9ZRXCYSI6NJ4FMW8EG7GXDIDSA6;3RY3YOAA7PRFP9Y2F6M5ZETQ95V27H;Pick one out of three categories;Categorize the given image based on the provided examples.;categorize, image, classification, classify;$0.01;Wed Jul 10 18:50:08 PDT 2019;5;"BatchId:3701708;OriginalHitTemplateId:928390873;";300;172800;Sun Jul 14 18:50:08 PDT 2019;;;34Z02EIMIU1EOQH69WLDPQVWC5R0TX;A12HIW79ZJ7B50;Submitted;Wed Jul 10 18:55:56 PDT 2019;Wed Jul 10 18:56:15 PDT 2019;Fri Jul 12 18:56:15 PDT 2019;;;;19;0% (0/0);0% (0/0);0% (0/0);https://i.imgur.com/ba4g1gw.jpg;None of the Above;1;
34D9ZRXCYSI6NJ4FMW8EG7GXDIDSA6;3RY3YOAA7PRFP9Y2F6M5ZETQ95V27H;Pick one out of three categories;Categorize the given image based on the provided examples.;categorize, image, classification, classify;$0.01;Wed Jul 10 18:50:08 PDT 2019;5;"BatchId:3701708;OriginalHitTemplateId:928390873;";300;172800;Sun Jul 14 18:50:08 PDT 2019;;;37UQDCYH6ZJ7JTLFZQ615NT4H4CV77;AKLKDS34ZAGML;Submitted;Wed Jul 10 18:55:16 PDT 2019;Wed Jul 10 18:55:21 PDT 2019;Fri Jul 12 18:55:21 PDT 2019;;;;5;0% (0/0);0% (0/0);0% (0/0);https://i.imgur.com/ba4g1gw.jpg;None of the Above;1;
34D9ZRXCYSI6NJ4FMW8EG7GXDIDSA6;3RY3YOAA7PRFP9Y2F6M5ZETQ95V27H;Pick one out of three categories;Categorize the given image based on the provided examples.;categorize, image, classification, classify;$0.01;Wed Jul 10 18:50:08 PDT 2019;5;"BatchId:3701708;OriginalHitTemplateId:928390873;";300;172800;Sun Jul 14 18:50:08 PDT 2019;;;3JBT3HLQFAQDYJUPW9PLQFXL59MPZ6;A3NBD6P0INJB4G;Submitted;Wed Jul 10 18:50:43 PDT 2019;Wed Jul 10 18:50:52 PDT 2019;Fri Jul 12 18:50:52 PDT 2019;;;;9;0% (0/0);0% (0/0);0% (0/0);https://i.imgur.com/ba4g1gw.jpg;None of the Above;1;
34D9ZRXCYSI6NJ4FMW8EG7GXDIDSA6;3RY3YOAA7PRFP9Y2F6M5ZETQ95V27H;Pick one out of three categories;Categorize the given image based on the provided examples.;categorize, image, classification, classify;$0.01;Wed Jul 10 18:50:08 PDT 2019;5;"BatchId:3701708;OriginalHitTemplateId:928390873;";300;172800;Sun Jul 14 18:50:08 PDT 2019;;;3V5Q80FXIZFGLJMQ94J0Q1KDF4Y232;A1QXU4Q3CK75FK;Submitted;Wed Jul 10 18:54:48 PDT 2019;Wed Jul 10 18:54:59 PDT 2019;Fri Jul 12 18:54:59 PDT 2019;;;;11;0% (0/0);0% (0/0);0% (0/0);https://i.imgur.com/ba4g1gw.jpg;None of the Above;1;
37VHPF5VYDRCXEM4SCY05B6K1RS8CP;3RY3YOAA7PRFP9Y2F6M5ZETQ95V27H;Pick one out of three categories;Categorize the given image based on the provided examples.;categorize, image, classification, classify;$0.01;Wed Jul 10 18:50:08 PDT 2019;5;"BatchId:3701708;OriginalHitTemplateId:928390873;";300;172800;Sun Jul 14 18:50:08 PDT 2019;;;3NJM2BJS4YU0QQJF4V5DFHW0WR1PC8;A3NBD6P0INJB4G;Submitted;Wed Jul 10 18:52:18 PDT 2019;Wed Jul 10 18:52:30 PDT 2019;Fri Jul 12 18:52:30 PDT 2019;;;;12;0% (0/0);0% (0/0);0% (0/0);https://i.imgur.com/L0j6g5I.jpg;Unpacking Table;1;
37VHPF5VYDRCXEM4SCY05B6K1RS8CP;3RY3YOAA7PRFP9Y2F6M5ZETQ95V27H;Pick one out of three categories;Categorize the given image based on the provided examples.;categorize, image, classification, classify;$0.01;Wed Jul 10 18:50:08 PDT 2019;5;"BatchId:3701708;OriginalHitTemplateId:928390873;";300;172800;Sun Jul 14 18:50:08 PDT 2019;;;3P1L2B7AD3DB8U1K28LXT0HXGVKOL7;AKLKDS34ZAGML;Submitted;Wed Jul 10 18:54:25 PDT 2019;Wed Jul 10 18:54:31 PDT 2019;Fri Jul 12 18:54:31 PDT 2019;;;;6;0% (0/0);0% (0/0);0% (0/0);https://i.imgur.com/L0j6g5I.jpg;Unpacking Table;1;
37VHPF5VYDRCXEM4SCY05B6K1RS8CP;3RY3YOAA7PRFP9Y2F6M5ZETQ95V27H;Pick one out of three categories;Categorize the given image based on the provided examples.;categorize, image, classification, classify;$0.01;Wed Jul 10 18:50:08 PDT 2019;5;"BatchId:3701708;OriginalHitTemplateId:928390873;";300;172800;Sun Jul 14 18:50:08 PDT 2019;;;3TU5ZICBRFPJEZUHNW4XD0QRBWC8QM;A3IDBFPW2T9P5D;Submitted;Wed Jul 10 19:29:19 PDT 2019;Wed Jul 10 19:29:47 PDT 2019;Fri Jul 12 19:29:47 PDT 2019;;;;28;0% (0/0);0% (0/0);0% (0/0);https://i.imgur.com/L0j6g5I.jpg;Unpacking Table;1;
37VHPF5VYDRCXEM4SCY05B6K1RS8CP;3RY3YOAA7PRFP9Y2F6M5ZETQ95V27H;Pick one out of three categories;Categorize the given image based on the provided examples.;categorize, image, classification, classify;$0.01;Wed Jul 10 18:50:08 PDT 2019;5;"BatchId:3701708;OriginalHitTemplateId:928390873;";300;172800;Sun Jul 14 18:50:08 PDT 2019;;;3VFJCI1K41NYJFFZJ95LA3HUV1HRGC;A3LWAR1QNK5ECW;Submitted;Wed Jul 10 18:52:12 PDT 2019;Wed Jul 10 18:52:18 PDT 2019;Fri Jul 12 18:52:18 PDT 2019;;;;6;0% (0/0);0% (0/0);0% (0/0);https://i.imgur.com/L0j6g5I.jpg;Unpacking Table;1;
37VHPF5VYDRCXEM4SCY05B6K1RS8CP;3RY3YOAA7PRFP9Y2F6M5ZETQ95V27H;Pick one out of three categories;Categorize the given image based on the provided examples.;categorize, image, classification, classify;$0.01;Wed Jul 10 18:50:08 PDT 2019;5;"BatchId:3701708;OriginalHitTemplateId:928390873;";300;172800;Sun Jul 14 18:50:08 PDT 2019;;;3WYGZ5XF3Y3FMGBVOPQ5Y5EJOKISK5;A2MV1325939NBM;Submitted;Wed Jul 10 18:55:34 PDT 2019;Wed Jul 10 18:55:49 PDT 2019;Fri Jul 12 18:55:49 PDT 2019;;;;15;0% (0/0);0% (0/0);0% (0/0);https://i.imgur.com/L0j6g5I.jpg;Unpacking Table;1;
3WGZLY9VCIAM26SIS8TBPHO2MR48DP;3RY3YOAA7PRFP9Y2F6M5ZETQ95V27H;Pick one out of three categories;Categorize the given image based on the provided examples.;categorize, image, classification, classify;$0.01;Wed Jul 10 18:50:08 PDT 2019;5;"BatchId:3701708;OriginalHitTemplateId:928390873;";300;172800;Sun Jul 14 18:50:08 PDT 2019;;;31N2WW6R9TE0MDY2XZY7AKE2O813FL;A3NBD6P0INJB4G;Submitted;Wed Jul 10 18:50:53 PDT 2019;Wed Jul 10 18:51:00 PDT 2019;Fri Jul 12 18:51:00 PDT 2019;;;;7;0% (0/0);0% (0/0);0% (0/0);https://i.imgur.com/wUh74RC.jpg;None of the Above;1;
3WGZLY9VCIAM26SIS8TBPHO2MR48DP;3RY3YOAA7PRFP9Y2F6M5ZETQ95V27H;Pick one out of three categories;Categorize the given image based on the provided examples.;categorize, image, classification, classify;$0.01;Wed Jul 10 18:50:08 PDT 2019;5;"BatchId:3701708;OriginalHitTemplateId:928390873;";300;172800;Sun Jul 14 18:50:08 PDT 2019;;;3PWWM24LHUM2MGSWLLEWHISOVQP28T;A3LWAR1QNK5ECW;Submitted;Wed Jul 10 18:52:52 PDT 2019;Wed Jul 10 18:52:56 PDT 2019;Fri Jul 12 18:52:56 PDT 2019;;;;4;0% (0/0);0% (0/0);0% (0/0);https://i.imgur.com/wUh74RC.jpg;None of the Above;1;
3WGZLY9VCIAM26SIS8TBPHO2MR48DP;3RY3YOAA7PRFP9Y2F6M5ZETQ95V27H;Pick one out of three categories;Categorize the given image based on the provided examples.;categorize, image, classification, classify;$0.01;Wed Jul 10 18:50:08 PDT 2019;5;"BatchId:3701708;OriginalHitTemplateId:928390873;";300;172800;Sun Jul 14 18:50:08 PDT 2019;;;3TS1AR6UQS2INWZPZB1XN1QITAP7FW;A2MV1325939NBM;Submitted;Wed Jul 10 18:55:20 PDT 2019;Wed Jul 10 18:55:41 PDT 2019;Fri Jul 12 18:55:41 PDT 2019;;;;21;0% (0/0);0% (0/0);0% (0/0);https://i.imgur.com/wUh74RC.jpg;None of the Above;1;
3WGZLY9VCIAM26SIS8TBPHO2MR48DP;3RY3YOAA7PRFP9Y2F6M5ZETQ95V27H;Pick one out of three categories;Categorize the given image based on the provided examples.;categorize, image, classification, classify;$0.01;Wed Jul 10 18:50:08 PDT 2019;5;"BatchId:3701708;OriginalHitTemplateId:928390873;";300;172800;Sun Jul 14 18:50:08 PDT 2019;;;3WETL7AQWVW8KG5DRNLYO8NPZEP536;AKLKDS34ZAGML;Submitted;Wed Jul 10 18:55:08 PDT 2019;Wed Jul 10 18:55:19 PDT 2019;Fri Jul 12 18:55:19 PDT 2019;;;;11;0% (0/0);0% (0/0);0% (0/0);https://i.imgur.com/wUh74RC.jpg;None of the Above;1;
3WGZLY9VCIAM26SIS8TBPHO2MR48DP;3RY3YOAA7PRFP9Y2F6M5ZETQ95V27H;Pick one out of three categories;Categorize the given image based on the provided examples.;categorize, image, classification, classify;$0.01;Wed Jul 10 18:50:08 PDT 2019;5;"BatchId:3701708;OriginalHitTemplateId:928390873;";300;172800;Sun Jul 14 18:50:08 PDT 2019;;;3X31TUMD7ZAQC2UJW6NMH44PNKD1L0;A3K758SI907CG9;Submitted;Wed Jul 10 19:07:31 PDT 2019;Wed Jul 10 19:11:13 PDT 2019;Fri Jul 12 19:11:13 PDT 2019;;;;222;0% (0/0);0% (0/0);0% (0/0);https://i.imgur.com/wUh74RC.jpg;None of the Above;1;
3DWGDA5POGSQLN8JK8KQGT718S1V1Q;3RY3YOAA7PRFP9Y2F6M5ZETQ95V27H;Pick one out of three categories;Categorize the given image based on the provided examples.;categorize, image, classification, classify;$0.01;Wed Jul 10 18:50:08 PDT 2019;5;"BatchId:3701708;OriginalHitTemplateId:928390873;";300;172800;Sun Jul 14 18:50:08 PDT 2019;;;308Q0PEVBA16B6P8FG524UUG4S49I0;AKLKDS34ZAGML;Submitted;Wed Jul 10 18:54:00 PDT 2019;Wed Jul 10 18:54:09 PDT 2019;Fri Jul 12 18:54:09 PDT 2019;;;;9;0% (0/0);0% (0/0);0% (0/0);https://i.imgur.com/28Y81zC.jpg;None of the Above;1;
3DWGDA5POGSQLN8JK8KQGT718S1V1Q;3RY3YOAA7PRFP9Y2F6M5ZETQ95V27H;Pick one out of three categories;Categorize the given image based on the provided examples.;categorize, image, classification, classify;$0.01;Wed Jul 10 18:50:08 PDT 2019;5;"BatchId:3701708;OriginalHitTemplateId:928390873;";300;172800;Sun Jul 14 18:50:08 PDT 2019;;;3IAS3U3I0H4LOEQ3OXY68KIP3W9B20;A3LWAR1QNK5ECW;Submitted;Wed Jul 10 18:51:40 PDT 2019;Wed Jul 10 18:51:51 PDT 2019;Fri Jul 12 18:51:51 PDT 2019;;;;11;0% (0/0);0% (0/0);0% (0/0);https://i.imgur.com/28Y81zC.jpg;None of the Above;1;
3DWGDA5POGSQLN8JK8KQGT718S1V1Q;3RY3YOAA7PRFP9Y2F6M5ZETQ95V27H;Pick one out of three categories;Categorize the given image based on the provided examples.;categorize, image, classification, classify;$0.01;Wed Jul 10 18:50:08 PDT 2019;5;"BatchId:3701708;OriginalHitTemplateId:928390873;";300;172800;Sun Jul 14 18:50:08 PDT 2019;;;3RGU30DZTCWHD1S8M7U7LHF0H6ZJMK;A3NBD6P0INJB4G;Submitted;Wed Jul 10 18:51:59 PDT 2019;Wed Jul 10 18:52:09 PDT 2019;Fri Jul 12 18:52:09 PDT 2019;;;;10;0% (0/0);0% (0/0);0% (0/0);https://i.imgur.com/28Y81zC.jpg;None of the Above;1;
3DWGDA5POGSQLN8JK8KQGT718S1V1Q;3RY3YOAA7PRFP9Y2F6M5ZETQ95V27H;Pick one out of three categories;Categorize the given image based on the provided examples.;categorize, image, classification, classify;$0.01;Wed Jul 10 18:50:08 PDT 2019;5;"BatchId:3701708;OriginalHitTemplateId:928390873;";300;172800;Sun Jul 14 18:50:08 PDT 2019;;;3RXCAC0YITDS1A03K0ZLJMMP59V8GJ;A2MV1325939NBM;Submitted;Wed Jul 10 18:56:00 PDT 2019;Wed Jul 10 18:56:25 PDT 2019;Fri Jul 12 18:56:25 PDT 2019;;;;25;0% (0/0);0% (0/0);0% (0/0);https://i.imgur.com/28Y81zC.jpg;Unpacking Table;;1
3DWGDA5POGSQLN8JK8KQGT718S1V1Q;3RY3YOAA7PRFP9Y2F6M5ZETQ95V27H;Pick one out of three categories;Categorize the given image based on the provided examples.;categorize, image, classification, classify;$0.01;Wed Jul 10 18:50:08 PDT 2019;5;"BatchId:3701708;OriginalHitTemplateId:928390873;";300;172800;Sun Jul 14 18:50:08 PDT 2019;;;3WLEIWSYHQ5VFRTPOP82UVLNY9G2H9;A3K758SI907CG9;Submitted;Wed Jul 10 18:54:57 PDT 2019;Wed Jul 10 18:59:34 PDT 2019;Fri Jul 12 18:59:34 PDT 2019;;;;277;0% (0/0);0% (0/0);0% (0/0);https://i.imgur.com/28Y81zC.jpg;None of the Above;1;
;;;;;;;;;;;;;;;;;;;;;;;;;;;;;84;16